source_key,citation,authors,year,publisher,source_type,url,local_file
frisbee2003,"Frisbee, R.H., ""Advanced Space Propulsion for the 21st Century"", Journal of Propulsion and Power, Vol. 19, No. 6, pp. 1129-1154",Robert H. Frisbee,2003,American Institute of Aeronautics and Astronautics,tier1_peer_reviewed,https://doi.org/10.2514/2.6948,adv_space_propulsion_21st.pdf
levchenko2018,"Levchenko, I., Xu, S., Teel, G., Mariotti, D., Walker, M.L.R., Keidar, M., ""Recent progress and perspectives of space electric propulsion systems based on smart nanomaterials"", Nature Communications, Vol. 9, Article 879",I. Levchenko et al.,2018,Springer Nature,tier1_peer_reviewed,https://doi.org/10.1038/s41467-017-02269-7,s41467-017-02269-7.pdf
koroteev2015,"Koroteev, A.S., Oshev, Yu.A., Popov, S.A., Karevsky, A.V., Solodukhin, A.Ye., Zakharenkov, L.E., Semenkin, A.V., ""Nuclear Power Propulsion System for Spacecraft"", Thermal Engineering, Vol. 62, No. 13, pp. 971-980",A.S. Koroteev et al.,2015,Pleiades Publishing,tier1_peer_reviewed,https://doi.org/10.1134/S0040601515130078,S0040601515130078.pdf
bennett2021,"Bennett, G.L., ""Introduction to Space Nuclear Power and Propulsion"", Encyclopedia of Nuclear Energy",Gary L. Bennett,2021,Elsevier,tier1_peer_reviewed,https://doi.org/10.1016/B978-0-12-819725-7.00133-1,Introduction_to_Space_Nuclear_Power_and.pdf
stockett2019,"Stockett, P.W., ""Feasibility and Design Requirements of Fission Powered Magnetic Fusion Propulsion Systems for a Manned Mars Mission"", MS thesis, School of Nuclear Engineering",Paul W. Stockett,2019,Purdue University,tier1_peer_reviewed,,Feasibility and Design Requirements of Fission Powered Magnetic Fusion Propulsion Systems for a Manned Mars Mission-Grad School Submission.pdf
vanhooser2011,"Van Hooser, K.P. and Bradley, D.P., ""Space Shuttle Main Engine - The Relentless Pursuit of Improvement"", NTRS document 20120001539",Katherine P. Van Hooser; Douglas P. Bradley,2011,NASA Marshall Space Flight Center / AIAA,tier1_agency,https://ntrs.nasa.gov/api/citations/20120001539/downloads/20120001539.pdf,
ballard2017,"Ballard, R.O., ""Next-Generation RS-25 Engines for the NASA Space Launch System"", 7th European Conference for Aeronautics and Space Sciences, NTRS document 20170008958",Richard O. Ballard,2017,NASA Marshall Space Flight Center,tier1_agency,https://ntrs.nasa.gov/api/citations/20170008958/downloads/20170008958.pdf,
l3harris_rl10,"L3Harris Technologies (Aerojet Rocketdyne), ""RL10 Engine"" capability page, specification table headed ""Models RL10B-2, RL10C-2-1""",L3Harris Technologies,2026,L3Harris Technologies,tier2_vendor,https://www.l3harris.com/all-capabilities/rl10-engine,
ajrd_biprop2023,"Aerojet Rocketdyne (L3Harris), ""Bipropellant Rocket Engines - Enabling In-Space Operations and Exploration"" specification sheet, doc la0151 23",Aerojet Rocketdyne,2023,L3Harris Technologies,tier2_vendor,https://www.l3harris.com/sites/default/files/2023-07/AJRD-LHX_Bipropellant_Rocket_Engines_SpecSheet_CMYK_061423_APPROVED.pdf,
l3harris_monoprop2025,"L3Harris Technologies (Aerojet Rocketdyne), ""Monopropellant Rocket Engines"" specification sheet, doc L30612",L3Harris Technologies,2025,L3Harris Technologies,tier2_vendor,https://www.l3harris.com/sites/default/files/2025-10/l3harris-ar-monopropellant-rocket-engines.pdf,
finseth1991,"Finseth, J.L., ""Overview of Rover Engine Tests - Final Report"", NASA-CR-184270, prepared by Sverdrup Technology Inc. for Marshall Space Flight Center under contract NAS8-37814",J.L. Finseth,1991,NASA Marshall Space Flight Center,tier1_agency,https://ntrs.nasa.gov/api/citations/19920005899/downloads/19920005899.pdf,
borowski2016,"Borowski, S.K. et al., ""Affordable Development and Demonstration of a Small Nuclear Thermal Rocket (NTR) Engine and Stage: How Small is Big Enough?"", NASA/TM-2016-219402 (also AIAA-2015-4524)",S.K. Borowski et al.,2016,NASA Glenn Research Center,tier1_agency,https://ntrs.nasa.gov/api/citations/20160014802/downloads/20160014802.pdf,
spacex2013,"Space Exploration Technologies Corp. (SpaceX), Falcon 9 / Merlin engine specification page, archived snapshot of 15 July 2013",SpaceX,2013,Space Exploration Technologies Corp.,tier2_vendor,https://web.archive.org/web/20130715094112/http://www.spacex.com/falcon9#merlin_engine,
goebel2008,"Goebel, D.M. and Katz, I., ""Flight Ion and Hall Thrusters"", Chapter 9 of Fundamentals of Electric Propulsion: Ion and Hall Thrusters, JPL Space Science and Technology Series",D.M. Goebel; I. Katz,2008,Jet Propulsion Laboratory / California Institute of Technology,tier1_agency,https://descanso.jpl.nasa.gov/SciTechBook/series1/Goebel_09_Chap9_Flight.pdf,
brophy_ds1,"Brophy, J.R. et al., ""Ion Propulsion System (NSTAR)"", Deep Space 1 Technology Validation Report",J.R. Brophy et al.,2000,NASA Jet Propulsion Laboratory,tier1_agency,https://pdssbn.astro.umd.edu/holdings/ds1-c-micas-3-rdr-visccd-borrelly-v1.0/document/doc_Apr04/int_reports/IPS_Integrated_Report.pdf,
nextc_ao2014,"""NASA's Evolutionary Xenon Thruster (NEXT) Ion Propulsion System Information Summary"", NEXT-C Project document for the Discovery 2014 Announcement of Opportunity library",NEXT-C Project,2014,NASA Glenn Research Center,tier1_agency,https://discovery.larc.nasa.gov/discovery/pdf_files/20-NEXT-C_AO_Guidebook_11July14.pdf,
benson2020,"Benson, S.W., Soulas, G.C. et al., ""NEXT-C Flight Ion System Status"", AIAA 2020-3604, AIAA Propulsion and Energy Forum",S.W. Benson; G.C. Soulas et al.,2020,NASA Glenn Research Center / AIAA,tier1_peer_reviewed,https://ntrs.nasa.gov/api/citations/20205005689/downloads/AIAA_2020-3604_Next-C_Flight_Ion_System_Status_-_Final_8-4-20.pdf,
soulas2007,"Soulas, G.C., Patterson, M.J. et al., ""Performance Evaluation of the Prototype Model NEXT Ion Thruster"", AIAA-2007-5199, NTRS 20080012739",G.C. Soulas; M.J. Patterson et al.,2007,NASA Glenn Research Center / AIAA,tier1_peer_reviewed,https://ntrs.nasa.gov/api/citations/20080012739/downloads/20080012739.pdf,
sankovic1993,"Sankovic, J.M., Hamley, J.A., and Haag, T.W., ""Performance Evaluation of the Russian SPT-100 Thruster at NASA LeRC"", IEPC-93-094, NTRS 19940019157",J.M. Sankovic; J.A. Hamley; T.W. Haag,1993,NASA Lewis Research Center,tier1_agency,https://ntrs.nasa.gov/api/citations/19940019157/downloads/19940019157.pdf,
koppel2004,"Koppel, C.R. and Estublier, D., ""The SMART-1 Electric Propulsion Subsystem In Flight Experience"", AIAA-2004-3435, 40th Joint Propulsion Conference",C.R. Koppel; D. Estublier,2004,AIAA / European Space Agency,tier1_peer_reviewed,https://sci.esa.int/documents/34677/36590/1567255180622-AIAA2004-3435-koppel-smart09.pdf,
szabo2017,"Szabo, J. et al. (Busek) and Kamhawi, H., Smith, T. (NASA GRC), ""High Throughput 600 Watt Hall Effect Thruster for Space Exploration"", NTRS 20170001303",J. Szabo et al.; H. Kamhawi; T. Smith,2017,NASA Glenn Research Center / Busek Co. Inc.,tier1_agency,https://ntrs.nasa.gov/api/citations/20170001303/downloads/20170001303.pdf,
busek_bht600,"Busek Co. Inc., ""BHT-600 Hall Effect Thruster"" product datasheet",Busek Co. Inc.,2026,Busek Co. Inc.,tier2_vendor,https://www.busek.com/bht600,
